{
  "period": "2022.03 ~ 2023.02",
  "exportDetail": {
    "CN": {
      "ranking": 1,
      "nationName": "중국",
      "expdlrSum": 9190234741,
      "expdlrRatio": 19.9083343902,
      "expwgtSum": 8040220371,
      "expwgtRatio": 17.4171172149,
      "hsCode": "전체품목"
    },
    "US": {
      "ranking": 2,
      "nationName": "미국",
      "expdlrSum": 8040220371,
      "expdlrRatio": 17.4171172149,
      "expwgtSum": 9190234741,
      "expwgtRatio": 19.9083343902,
      "hsCode": "전체품목"
    },
    "VN": {
      "ranking": 3,
      "nationName": "베트남",
      "expdlrSum": 3795332732,
      "expdlrRatio": 8.221634733,
      "expwgtSum": 872044969,
      "expwgtRatio": 19.9083343902,
      "hsCode": "전체품목"
    }
  },
  "importDetail": {
    "CN": {
      "ranking": 1,
      "nationName": "중국",
      "impdlrSum": 13131692940,
      "impdlrRatio": 22.3116793325,
      "impwgtSum": 9190234741,
      "impwgtRatio": 17.4171172149,
      "hsCode": "전체품목"
    },
    "US": {
      "ranking": 2,
      "nationName": "미국",
      "impdlrSum": 6953342918,
      "impdlrRatio": 11.8142236637,
      "impwgtSum": 8040220371,
      "impwgtRatio": 17.4171172149,
      "hsCode": "전체품목"
    },
    "AU": {
      "ranking": 3,
      "nationName": "호주",
      "impdlrSum": 4119425926,
      "impdlrRatio": 6.99919734,
      "impwgtSum": 872044969,
      "impwgtRatio": 10.9083343902,
      "hsCode": "전체품목"
    }
  }
}
